Timestamp,Orbit Mean Density (kg/m^3)
2003-06-06 17:43:20,1.7067124551428376e-12
2003-06-06 17:53:20,1.682375313344304e-12
2003-06-06 18:03:20,1.6383727203329524e-12
2003-06-06 18:13:20,1.629998950267061e-12
2003-06-06 18:23:20,1.6507422777959662e-12
2003-06-06 18:33:20,1.6548568719701865e-12
2003-06-06 18:43:20,1.6479616070735777e-12
2003-06-06 18:53:20,1.645733427212554e-12
2003-06-06 19:03:20,1.641968078730081e-12
2003-06-06 19:13:20,1.6379539061465204e-12
2003-06-06 19:23:20,1.646348304577527e-12
2003-06-06 19:33:20,1.651592819311091e-12
2003-06-06 19:43:20,1.644764377348469e-12
2003-06-06 19:53:20,1.644761307293232e-12
2003-06-06 20:03:20,1.6589625756009018e-12
2003-06-06 20:13:20,1.662937196129112e-12
2003-06-06 20:23:20,1.6636839851545406e-12
2003-06-06 20:33:20,1.6624851042478896e-12
2003-06-06 20:43:20,1.669899026979237e-12
2003-06-06 20:53:20,1.6820984694204909e-12
2003-06-06 21:03:20,1.6959323503173697e-12
2003-06-06 21:13:20,1.7013496371400777e-12
2003-06-06 21:23:20,1.6890385003034377e-12
2003-06-06 21:33:20,1.680139124309462e-12
2003-06-06 21:43:20,1.6947848955102112e-12
2003-06-06 21:53:20,1.7013083464958176e-12
2003-06-06 22:03:20,1.7066183752432324e-12
2003-06-06 22:13:20,1.716156166094568e-12
2003-06-06 22:23:20,1.715597698711553e-12
2003-06-06 22:33:20,1.7155146577776878e-12
2003-06-06 22:43:20,1.6990976178755268e-12
2003-06-06 22:53:20,1.6883799051167834e-12
2003-06-06 23:03:20,1.6837632161988717e-12
2003-06-06 23:13:20,1.6794261572822336e-12
2003-06-06 23:23:20,1.687728981257258e-12
2003-06-06 23:33:20,1.6943065353384297e-12
2003-06-06 23:43:20,1.6873775387664778e-12
2003-06-06 23:53:20,1.6812798406552633e-12
2003-06-07 00:03:20,1.6836290651597286e-12
2003-06-07 00:13:20,1.7107863292744386e-12
2003-06-07 00:23:20,1.7338520774125033e-12
2003-06-07 00:33:20,1.742701012211949e-12
2003-06-07 00:43:20,1.7445932322712114e-12
2003-06-07 00:53:20,1.737343878495887e-12
2003-06-07 01:03:20,1.7427109961311573e-12
2003-06-07 01:13:20,1.7517251827543068e-12
2003-06-07 01:23:20,1.7492560192523794e-12
2003-06-07 01:33:20,1.7516030723239224e-12
2003-06-07 01:43:20,1.7609282188979773e-12
2003-06-07 01:53:20,1.757323950752471e-12
2003-06-07 02:03:20,1.755616351905324e-12
2003-06-07 02:13:20,1.754329371162522e-12
2003-06-07 02:23:20,1.754279348588122e-12
2003-06-07 02:33:20,1.7365783758120845e-12
2003-06-07 02:43:20,1.7346167709443362e-12
2003-06-07 02:53:20,1.7563592075554604e-12
2003-06-07 03:03:20,1.7789873277325998e-12
2003-06-07 03:13:20,1.773644766748763e-12
2003-06-07 03:23:20,1.7643408592997566e-12
2003-06-07 03:33:20,1.7746599307158905e-12
2003-06-07 03:43:20,1.7865514353979498e-12
2003-06-07 03:53:20,1.7915800012080017e-12
2003-06-07 04:03:20,1.7954051074642334e-12
2003-06-07 04:13:20,1.801236846563581e-12
2003-06-07 04:23:20,1.8164870872458136e-12
2003-06-07 04:33:20,1.82711053222603e-12
2003-06-07 04:43:20,1.8295617931940952e-12
2003-06-07 04:53:20,1.841860132154252e-12
2003-06-07 05:03:20,1.8623332144361386e-12
2003-06-07 05:13:20,1.876203093765564e-12
2003-06-07 05:23:20,1.873728987053348e-12
2003-06-07 05:33:20,1.872370246004613e-12
2003-06-07 05:43:20,1.8779222484152478e-12
2003-06-07 05:53:20,1.8797359497439758e-12
2003-06-07 06:03:20,1.8684755677157777e-12
2003-06-07 06:13:20,1.877107727851084e-12
2003-06-07 06:23:20,1.8856324610319448e-12
2003-06-07 06:33:20,1.8724294049940747e-12
2003-06-07 06:43:20,1.8657678821829e-12
2003-06-07 06:53:20,1.852863318995208e-12
2003-06-07 07:03:20,1.8559396430393948e-12
2003-06-07 07:13:20,1.8538082573561616e-12
2003-06-07 07:23:20,1.8319320797382043e-12
2003-06-07 07:33:20,1.830627965870892e-12
2003-06-07 07:43:20,1.83710122965068e-12
2003-06-07 07:53:20,1.852481040057764e-12
2003-06-07 08:03:20,1.86089385537264e-12
2003-06-07 08:13:20,1.86829838028476e-12
2003-06-07 08:23:20,1.8762115017875844e-12
2003-06-07 08:33:20,1.871274071124148e-12
2003-06-07 08:43:20,1.8703364885521373e-12
2003-06-07 08:53:20,1.877352320603843e-12
2003-06-07 09:03:20,1.882750309757478e-12
2003-06-07 09:13:20,1.8929718521322697e-12
2003-06-07 09:23:20,1.883183087846706e-12
2003-06-07 09:33:20,1.877959037948141e-12
2003-06-07 09:43:20,1.8651659065370637e-12
2003-06-07 09:53:20,1.8669104252236e-12
2003-06-07 10:03:20,1.881431061262346e-12
2003-06-07 10:13:20,1.870736301227122e-12
2003-06-07 10:23:20,1.8587632259400208e-12
2003-06-07 10:33:20,1.859398687748342e-12
2003-06-07 10:43:20,1.861898053831608e-12
2003-06-07 10:53:20,1.866621102254228e-12
2003-06-07 11:03:20,1.868188998521205e-12
2003-06-07 11:13:20,1.8583598811797013e-12
2003-06-07 11:23:20,1.85007917572542e-12
2003-06-07 11:33:20,1.8407027854182813e-12
2003-06-07 11:43:20,1.8513011375063927e-12
2003-06-07 11:53:20,1.853971502469357e-12
2003-06-07 12:03:20,1.849942826749805e-12
2003-06-07 12:13:20,1.841665648362543e-12
2003-06-07 12:23:20,1.8415491071466158e-12
2003-06-07 12:33:20,1.8513590804597e-12
2003-06-07 12:43:20,1.8651644227118418e-12
2003-06-07 12:53:20,1.883132171142785e-12
2003-06-07 13:03:20,1.889301332385095e-12
2003-06-07 13:13:20,1.883975678769548e-12
2003-06-07 13:23:20,1.879096099709665e-12
2003-06-07 13:33:20,1.870714122716055e-12
2003-06-07 13:43:20,1.8766936313411418e-12
2003-06-07 13:53:20,1.8952812765485838e-12
2003-06-07 14:03:20,1.882271584722279e-12
2003-06-07 14:13:20,1.866781073422319e-12
2003-06-07 14:23:20,1.8618020154101183e-12
2003-06-07 14:33:20,1.867442209606815e-12
2003-06-07 14:43:20,1.8686911717297694e-12
2003-06-07 14:53:20,1.870523301288295e-12
2003-06-07 15:03:20,1.875706137013284e-12
2003-06-07 15:13:20,1.873670749382077e-12
2003-06-07 15:23:20,1.8582999113222893e-12
2003-06-07 15:33:20,1.8557361594230922e-12
2003-06-07 15:43:20,1.8864282184917783e-12
2003-06-07 15:53:20,1.905136736502596e-12
2003-06-07 16:03:20,1.907056148652645e-12
2003-06-07 16:13:20,1.911959439893728e-12
2003-06-07 16:23:20,1.9130365627864365e-12
2003-06-07 16:33:20,1.9117106622581043e-12
2003-06-07 16:43:20,1.9026241436238376e-12
2003-06-07 16:53:20,1.881062639641682e-12
2003-06-07 17:03:20,1.878555976793453e-12
2003-06-07 17:13:20,1.871209376905544e-12
2003-06-07 17:23:20,1.851141821854333e-12
2003-06-07 17:33:20,1.8614385069390337e-12
2003-06-07 17:43:20,1.858490031444787e-12
2003-06-07 17:53:20,1.8590446459488296e-12
2003-06-07 18:03:20,1.859209813829404e-12
2003-06-07 18:13:20,1.8485145650334224e-12
2003-06-07 18:23:20,1.8257909782309616e-12
2003-06-07 18:33:20,1.8031062088715414e-12
2003-06-07 18:43:20,1.7811643431591577e-12
2003-06-07 18:53:20,1.7724146248798629e-12
2003-06-07 19:03:20,1.7719272406653293e-12
2003-06-07 19:13:20,1.7737433799401013e-12
2003-06-07 19:23:20,1.77499386986962e-12
2003-06-07 19:33:20,1.7768228374393768e-12
2003-06-07 19:43:20,1.7694919438382196e-12
2003-06-07 19:53:20,1.7609125593573285e-12
2003-06-07 20:03:20,1.757764152121067e-12
2003-06-07 20:13:20,1.7747769646627985e-12
2003-06-07 20:23:20,1.7684901251892585e-12
2003-06-07 20:33:20,1.757126656432728e-12
2003-06-07 20:43:20,1.7620623315890118e-12
2003-06-07 20:53:20,1.7699207628453209e-12
2003-06-07 21:03:20,1.7695250597293905e-12
2003-06-07 21:13:20,1.7831217260505945e-12
2003-06-07 21:23:20,1.7843781242490545e-12
2003-06-07 21:33:20,1.7947401360431958e-12
2003-06-07 21:43:20,1.830452279161907e-12
2003-06-07 21:53:20,1.858850300858034e-12
2003-06-07 22:03:20,1.851276916422513e-12
2003-06-07 22:13:20,1.8487225194923896e-12
2003-06-07 22:23:20,1.8452544889787758e-12
2003-06-07 22:33:20,1.840272631282814e-12
2003-06-07 22:43:20,1.830996581449853e-12
2003-06-07 22:53:20,1.844483598404477e-12
2003-06-07 23:03:20,1.854927480333033e-12
2003-06-07 23:13:20,1.830384276555051e-12
2003-06-07 23:23:20,1.7957281010006613e-12
2003-06-07 23:33:20,1.7571790740922212e-12
2003-06-07 23:43:20,1.749199784941838e-12
2003-06-07 23:53:20,1.7502837305899117e-12
2003-06-08 00:03:20,1.7464383126110149e-12
2003-06-08 00:13:20,1.7516236099874868e-12
2003-06-08 00:23:20,1.7465051933495865e-12
2003-06-08 00:33:20,1.7463885243449739e-12
2003-06-08 00:43:20,1.7485001988662894e-12
2003-06-08 00:53:20,1.7501352465675273e-12
2003-06-08 01:03:20,1.7399724160878106e-12
2003-06-08 01:13:20,1.729644655944412e-12
2003-06-08 01:23:20,1.7255852574913945e-12
2003-06-08 01:33:20,1.728620178642256e-12
2003-06-08 01:43:20,1.724168203076645e-12
2003-06-08 01:53:20,1.726211116935039e-12
2003-06-08 02:03:20,1.7351984692095837e-12
2003-06-08 02:13:20,1.7637919337013029e-12
2003-06-08 02:23:20,1.8033933702439132e-12
2003-06-08 02:33:20,1.8370669125839918e-12
2003-06-08 02:43:20,1.852495674873718e-12
2003-06-08 02:53:20,1.852310047641023e-12
2003-06-08 03:03:20,1.8534880496724745e-12
2003-06-08 03:13:20,1.867786260309895e-12
2003-06-08 03:23:20,1.899076115823656e-12
2003-06-08 03:33:20,1.9223231345945936e-12
2003-06-08 03:43:20,1.926770174756191e-12
2003-06-08 03:53:20,1.94228950306967e-12
2003-06-08 04:03:20,1.96303026391673e-12
2003-06-08 04:13:20,1.982689578383168e-12
2003-06-08 04:23:20,1.9989121174970183e-12
2003-06-08 04:33:20,2.0095732279826624e-12
2003-06-08 04:43:20,2.0071579503650324e-12
2003-06-08 04:53:20,2.0070472861177308e-12
2003-06-08 05:03:20,2.018393371089179e-12
2003-06-08 05:13:20,2.0381800334261235e-12
2003-06-08 05:23:20,2.042136956096732e-12
2003-06-08 05:33:20,2.023716662062256e-12
2003-06-08 05:43:20,2.0034829213787438e-12
2003-06-08 05:53:20,2.006383208860371e-12
2003-06-08 06:03:20,2.0084772486786133e-12
2003-06-08 06:13:20,2.0088574154711783e-12
2003-06-08 06:23:20,1.98971958496095e-12
2003-06-08 06:33:20,1.955561507065443e-12
2003-06-08 06:43:20,1.9605613138939478e-12
2003-06-08 06:53:20,1.9720328023619585e-12
2003-06-08 07:03:20,1.977212335995686e-12
2003-06-08 07:13:20,1.979668953986148e-12
2003-06-08 07:23:20,1.984701057645865e-12
2003-06-08 07:33:20,1.9754398811646534e-12
2003-06-08 07:43:20,1.9720778847108494e-12
2003-06-08 07:53:20,1.9698756174970498e-12
2003-06-08 08:03:20,1.962755038435649e-12
2003-06-08 08:13:20,1.9552842495509978e-12
2003-06-08 08:23:20,1.9549157967281617e-12
2003-06-08 08:33:20,1.9605918153047773e-12
2003-06-08 08:43:20,1.9639426898456125e-12
2003-06-08 08:53:20,1.9786613334728267e-12
2003-06-08 09:03:20,1.983833342560402e-12
2003-06-08 09:13:20,1.986155527818446e-12
2003-06-08 09:23:20,1.993712983431381e-12
2003-06-08 09:33:20,1.9986134820084837e-12
2003-06-08 09:43:20,2.0045249007725637e-12
2003-06-08 09:53:20,2.0045915756654577e-12
2003-06-08 10:03:20,2.0046653690809386e-12
2003-06-08 10:13:20,1.9943609844119e-12
2003-06-08 10:23:20,1.9825147550504644e-12
2003-06-08 10:33:20,1.9792931810433536e-12
2003-06-08 10:43:20,1.982237999931232e-12
2003-06-08 10:53:20,1.9878328674932823e-12
2003-06-08 11:03:20,1.9973410368606147e-12
2003-06-08 11:13:20,1.9950362783664977e-12
2003-06-08 11:23:20,1.983115408456625e-12
2003-06-08 11:33:20,1.9713179155169585e-12
2003-06-08 11:43:20,1.9710365060826218e-12
2003-06-08 11:53:20,1.972716933855094e-12
2003-06-08 12:03:20,1.9541418834796097e-12
2003-06-08 12:13:20,1.9458930091223938e-12
2003-06-08 12:23:20,1.9439837648496305e-12
2003-06-08 12:33:20,1.936617252618508e-12
2003-06-08 12:43:20,1.924434800698451e-12
2003-06-08 12:53:20,1.9209970593873346e-12
2003-06-08 13:03:20,1.9208953348016078e-12
2003-06-08 13:13:20,1.9236350928311848e-12
2003-06-08 13:23:20,1.924551622214819e-12
2003-06-08 13:33:20,1.932542674770233e-12
2003-06-08 13:43:20,1.935808767876621e-12
2003-06-08 13:53:20,1.931782963669687e-12
2003-06-08 14:03:20,1.930319856721583e-12
2003-06-08 14:13:20,1.927409339701962e-12
2003-06-08 14:23:20,1.927503038718639e-12
2003-06-08 14:33:20,1.9493337757612843e-12
2003-06-08 14:43:20,1.978243641315345e-12
2003-06-08 14:53:20,1.987851738276513e-12
2003-06-08 15:03:20,1.990893810970839e-12
2003-06-08 15:13:20,1.989982924585844e-12
2003-06-08 15:23:20,1.995836656369896e-12
2003-06-08 15:33:20,1.997860674317154e-12
2003-06-08 15:43:20,2.008148726370272e-12
2003-06-08 15:53:20,2.0046031336494173e-12
2003-06-08 16:03:20,2.0026835369319504e-12
2003-06-08 16:13:20,2.011052977473971e-12
2003-06-08 16:23:20,2.0071425876575906e-12
2003-06-08 16:33:20,2.0079055397704136e-12
2003-06-08 16:43:20,2.0217753057334627e-12
2003-06-08 16:53:20,2.0227420843823097e-12
2003-06-08 17:03:20,2.034321223924252e-12
2003-06-08 17:13:20,2.0326378040868143e-12
2003-06-08 17:23:20,2.029836758082065e-12
2003-06-08 17:33:20,2.0253114763036936e-12
2003-06-08 17:43:20,2.0088522678008597e-12
2003-06-08 17:53:20,1.9732850272299645e-12
2003-06-08 18:03:20,1.963566693688506e-12
2003-06-08 18:13:20,1.9749480253406335e-12
2003-06-08 18:23:20,1.978303814319029e-12
2003-06-08 18:33:20,1.965837982762954e-12
2003-06-08 18:43:20,1.953524174398921e-12
2003-06-08 18:53:20,1.9472990225484267e-12
2003-06-08 19:03:20,1.94537373079634e-12
2003-06-08 19:13:20,1.9209377009475903e-12
2003-06-08 19:23:20,1.924589639644272e-12
2003-06-08 19:33:20,1.915286914151442e-12
2003-06-08 19:43:20,1.8970756111343718e-12
2003-06-08 19:53:20,1.902997337959108e-12
2003-06-08 20:03:20,1.9207742004805763e-12
2003-06-08 20:13:20,1.951901352295308e-12
2003-06-08 20:23:20,1.970658534228917e-12
2003-06-08 20:33:20,1.957043332318861e-12
2003-06-08 20:43:20,1.968884749792528e-12
2003-06-08 20:53:20,2.033189471252847e-12
2003-06-08 21:03:20,2.0922048807757477e-12
2003-06-08 21:13:20,2.1204240047434416e-12
2003-06-08 21:23:20,2.1256024227668377e-12
2003-06-08 21:33:20,2.149882783459613e-12
2003-06-08 21:43:20,2.171881356101965e-12
2003-06-08 21:53:20,2.184488610114925e-12
2003-06-08 22:03:20,2.195885917350061e-12
2003-06-08 22:13:20,2.201570376807449e-12
2003-06-08 22:23:20,2.161984635665845e-12
2003-06-08 22:33:20,2.1268711891126174e-12
2003-06-08 22:43:20,2.131468680990702e-12
2003-06-08 22:53:20,2.132286537249129e-12
2003-06-08 23:03:20,2.1344213902998284e-12
2003-06-08 23:13:20,2.12319935829213e-12
2003-06-08 23:23:20,2.104060216729784e-12
2003-06-08 23:33:20,2.1101949673226e-12
2003-06-08 23:43:20,2.1318924682830712e-12
2003-06-08 23:53:20,2.099039931188827e-12
2003-06-09 00:03:20,2.0581473244846525e-12
2003-06-09 00:13:20,2.046873316426589e-12
2003-06-09 00:23:20,2.055267423134365e-12
2003-06-09 00:33:20,2.0667941822306203e-12
2003-06-09 00:43:20,2.0315378926735244e-12
2003-06-09 00:53:20,1.9933334691868157e-12
2003-06-09 01:03:20,1.9795505312407218e-12
2003-06-09 01:13:20,1.9750342567469968e-12
2003-06-09 01:23:20,1.979662695296284e-12
2003-06-09 01:33:20,1.987382583456146e-12
2003-06-09 01:43:20,1.994079766443257e-12
2003-06-09 01:53:20,1.984094086834083e-12
2003-06-09 02:03:20,1.9673961819223778e-12
2003-06-09 02:13:20,1.9820303337122026e-12
2003-06-09 02:23:20,1.9851162900430777e-12
2003-06-09 02:33:20,1.9915784566736792e-12
2003-06-09 02:43:20,1.980042329412756e-12
2003-06-09 02:53:20,1.9785178279753427e-12
2003-06-09 03:03:20,2.020508005878314e-12
2003-06-09 03:13:20,2.0844787748216413e-12
2003-06-09 03:23:20,2.1285281024936294e-12
2003-06-09 03:33:20,2.114689325350009e-12
2003-06-09 03:43:20,2.106417664408029e-12
2003-06-09 03:53:20,2.1369438454055374e-12
2003-06-09 04:03:20,2.157390157084945e-12
2003-06-09 04:13:20,2.1718428558447663e-12
2003-06-09 04:23:20,2.189401480816922e-12
2003-06-09 04:33:20,2.1971945537731872e-12
2003-06-09 04:43:20,2.1831005720182697e-12
2003-06-09 04:53:20,2.1919481262967614e-12
2003-06-09 05:03:20,2.206413973159832e-12
2003-06-09 05:13:20,2.2048184967735508e-12
2003-06-09 05:23:20,2.1801255694830985e-12
2003-06-09 05:33:20,2.1629829242236617e-12
2003-06-09 05:43:20,2.1632650837722115e-12
2003-06-09 05:53:20,2.182846150400333e-12
2003-06-09 06:03:20,2.193328522118477e-12
2003-06-09 06:13:20,2.180768868882513e-12
2003-06-09 06:23:20,2.1608980329370523e-12
2003-06-09 06:33:20,2.153605680278563e-12
2003-06-09 06:43:20,2.1715023717545863e-12
2003-06-09 06:53:20,2.1573081996448592e-12
2003-06-09 07:03:20,2.1254383963801298e-12
2003-06-09 07:13:20,2.100473462940908e-12
2003-06-09 07:23:20,2.1131559032094037e-12
2003-06-09 07:33:20,2.12585207607618e-12
2003-06-09 07:43:20,2.1064417543145457e-12
2003-06-09 07:53:20,2.0627032523654748e-12
2003-06-09 08:03:20,2.0301057415245605e-12
2003-06-09 08:13:20,2.0250373554075924e-12
2003-06-09 08:23:20,2.0278384587843906e-12
2003-06-09 08:33:20,2.028778536956898e-12
2003-06-09 08:43:20,2.0340242152989266e-12
2003-06-09 08:53:20,2.0434131588868725e-12
2003-06-09 09:03:20,2.053172563374212e-12
2003-06-09 09:13:20,2.0447101969220668e-12
2003-06-09 09:23:20,2.0389740916362533e-12
2003-06-09 09:33:20,2.0480232802372798e-12
2003-06-09 09:43:20,2.036392073361549e-12
2003-06-09 09:53:20,2.0356125270465986e-12
2003-06-09 10:03:20,2.0683020289804048e-12
2003-06-09 10:13:20,2.0981615398767138e-12
2003-06-09 10:23:20,2.0948100518190005e-12
2003-06-09 10:33:20,2.0741274294922195e-12
2003-06-09 10:43:20,2.090195257652264e-12
2003-06-09 10:53:20,2.137003200422189e-12
2003-06-09 11:03:20,2.166246367220321e-12
2003-06-09 11:13:20,2.170680661519588e-12
2003-06-09 11:23:20,2.158950617904896e-12
2003-06-09 11:33:20,2.149208883744092e-12
2003-06-09 11:43:20,2.134845038441921e-12
2003-06-09 11:53:20,2.123290963854186e-12
2003-06-09 12:03:20,2.1122031262394405e-12
2003-06-09 12:13:20,2.0956475899728424e-12
2003-06-09 12:23:20,2.073678989570569e-12
2003-06-09 12:33:20,2.056820646847948e-12
2003-06-09 12:43:20,2.041097292325196e-12
2003-06-09 12:53:20,2.0432289512405304e-12
2003-06-09 13:03:20,2.029365587137776e-12
2003-06-09 13:13:20,2.017004226816067e-12
2003-06-09 13:23:20,2.003059619246067e-12
2003-06-09 13:33:20,2.002804520532033e-12
2003-06-09 13:43:20,2.0071562475046703e-12
2003-06-09 13:53:20,2.0096446418831858e-12
2003-06-09 14:03:20,2.0070480179108203e-12
2003-06-09 14:13:20,2.019079998683009e-12
2003-06-09 14:23:20,2.0346173807785894e-12
2003-06-09 14:33:20,2.0359842745517186e-12
2003-06-09 14:43:20,2.025661869083036e-12
2003-06-09 14:53:20,2.0270591318945984e-12
2003-06-09 15:03:20,2.0425649976417818e-12
2003-06-09 15:13:20,2.046210253756561e-12
2003-06-09 15:23:20,2.0349118385520717e-12
2003-06-09 15:33:20,2.038913678753995e-12
2003-06-09 15:43:20,2.0488389438486017e-12
2003-06-09 15:53:20,2.0513115685581466e-12
2003-06-09 16:03:20,2.058117960124058e-12
2003-06-09 16:13:20,2.0699482789620335e-12
2003-06-09 16:23:20,2.0679062988241968e-12
2003-06-09 16:33:20,2.052534161521814e-12
2003-06-09 16:43:20,2.0363302924097364e-12
2003-06-09 16:53:20,2.020780315724029e-12
2003-06-09 17:03:20,2.013687432968443e-12
2003-06-09 17:13:20,2.017749232473116e-12
2003-06-09 17:23:20,2.0096873946802458e-12
2003-06-09 17:33:20,2.0087137960741887e-12
2003-06-09 17:43:20,2.0149238052898877e-12
